{
    "stats_scaler": {
        "mean": [
            0.2332620939272559,
            0.7714725741929921,
            1.0216889216787606,
            3.00691926926967,
            -0.002305825732421503,
            0.10513133346336591,
            -0.14233605259641377,
            0.9196716564006097,
            1.2114586143408046,
            3.6014734691175176,
            -0.00770124183854674,
            0.1676230737246166,
            9.807082712785009,
            0.9309920708739302,
            9.868721096736097,
            3.6663307440232686,
            -0.0030923442901820953,
            0.19740114301352504,
            -3.087949890938123e-05,
            0.04105549226177625,
            0.04349895927061024,
            0.16275761044312187,
            0.026750462949189327,
            0.2602373168013361,
            0.0006919928487817458,
            0.05588535386531789,
            0.058244049995958926,
            0.22063913686277645,
            0.021882907261718754,
            0.17606119947899526,
            -0.0010612874047174219,
            0.019248940922198653,
            0.045165444661229216,
            0.06681255709028382,
            -0.005209826660786789,
            -0.2553612810315723,
            9.759791235138563,
            0.2278280076928071,
            9.770766610344175,
            0.6445478092069346,
            -0.022971163719242283,
            -0.07422780136134875
        ],
        "std": [
            0.6758510847738723,
            0.4637672522273074,
            0.5268658629505881,
            1.8593061412691714,
            0.5772691394537441,
            1.2404051371138476,
            0.8242440383320366,
            0.6582389265685528,
            0.7148987707157264,
            2.652615124424437,
            0.6112724784343402,
            1.3459449716869152,
            0.285845208425372,
            0.5881398359956854,
            0.285617639751615,
            2.3780666923828706,
            0.5977127784836436,
            1.3775682331258423,
            0.015571588926199049,
            0.031381384952277054,
            0.03194777995391151,
            0.1277319061167228,
            0.6396718395089311,
            1.5074146911324005,
            0.01793547619858671,
            0.04002560402017944,
            0.04068184551459133,
            0.1652456129853318,
            0.5973166364430661,
            1.327418432962925,
            0.06478691279927301,
            0.01814660875819914,
            0.05346376479092096,
            0.05603102080036237,
            0.6159892630278939,
            1.0983810467590005,
            7.468836767811145,
            0.2567032158797839,
            7.462370240480563,
            0.7354868037960001,
            1.0723052405668685,
            3.132288353977558
        ]
    },
    "raw_scaler": {
        "mean": [
            0.23326209392725936,
            -0.14233605259640936,
            9.80708271278511,
            -3.087949890937837e-05,
            0.000691992848781728,
            -0.0010612874047174403,
            9.759791235138675
        ],
        "std": [
            1.125621910661141,
            1.3994472747347757,
            1.1377003937306613,
            0.05397053963104776,
            0.07104155868435078,
            0.06997974854277521,
            7.476718852968967
        ]
    }
}