{"mean": [1577264550.583748, 0.2332363087184199, -0.14238518972390518, 9.807081937033137, -3.086050466337455e-05, 0.0006920052454811249, -0.001060923567401319, -27.699878617683378, -51.11709124686263, 9.757241637244302, 1.4539588419951168], "std": [43768.677644793526, 1.1254857863917995, 1.3992864493483492, 1.1375599176056548, 0.05396387729173679, 0.07103278758489606, 0.06997111415179412, 0.01263801635865028, 0.010009509297468792, 7.477456539364971, 1.2805945552893976]}